brand_name,total_profit
Makers Mark,3.08797996712047E8
Buffalo Trace,4.2689148201423466E7
